FamiliaDesc,EspecialidadCertificado,CentroCP,CursoCodigo,DirigidoA,CentroMunicipio,CursoDesc,Censo,CentroTfno,Duracion,SectorDesc,EspecialidadDesc1,CentroEmail,Modalidad,CentroDireccion,SieCodigo,EspecialidadDesc,AreaDesc,CentroDesc
Informática  y comunicaciones,NO,28932,18/8000,Desempleados,MOSTOLES,DESARROLLO DE APPS PARA IOS CON OBJETIVE C Y SWIFT,1564,916853090,200,Servicios,DESARROLLO DE APPS PARA IOS CON OBJETIVE C Y SWIFT,btomas@mostolesdesarrollo.es,Presencial,"Calle Salzillo, 04-BIS  ",CCLL2018/8000,IFCD27,Desarrollo,CENTRO DE FORMACION MUNICIPAL MOSTOLES   DESARROLLO
Informática  y comunicaciones,NO,28932,18/8001,Desempleados,MOSTOLES,DESARROLLO DE VIDEOJUEGOS Y REALIDAD VIRTUAL CON UNITY 3D,1564,916853090,300,Servicios,DESARROLLO DE VIDEOJUEGOS Y REALIDAD VIRTUAL CON UNITY 3D,btomas@mostolesdesarrollo.es,Presencial,"Calle Salzillo, 04-BIS  ",CCLL2018/8001,IFCD28,Desarrollo,CENTRO DE FORMACION MUNICIPAL MOSTOLES   DESARROLLO
Informática  y comunicaciones,NO,28932,18/8002,Desempleados,MOSTOLES,TÉCNICO EN SOFTWARE OFIMÁTICO,1564,916853090,350,Servicios,TÉCNICO EN SOFTWARE OFIMÁTICO,btomas@mostolesdesarrollo.es,Presencial,"Calle Salzillo, 04-BIS  ",CCLL2018/8002,IFCI17,Informática,CENTRO DE FORMACION MUNICIPAL MOSTOLES   DESARROLLO
Informática  y comunicaciones,NO,28932,18/8003,Desempleados,MOSTOLES,HERRAMIENTAS WEB 2.0,1564,916853090,100,Servicios,HERRAMIENTAS WEB 2.0,btomas@mostolesdesarrollo.es,Presencial,"Calle Salzillo, 04-BIS  ",CCLL2018/8003,IFCT37,Sistemas y telemática,CENTRO DE FORMACION MUNICIPAL MOSTOLES   DESARROLLO
Informática  y comunicaciones,NO,28932,18/8004,Desempleados,MOSTOLES,"COMMUNITY MANAGER, HERRAMIENTAS, ANALÁTICA E INFORMES",1564,916853090,100,Servicios,"COMMUNITY MANAGER, HERRAMIENTAS, ANALÁTICA E INFORMES",btomas@mostolesdesarrollo.es,Presencial,"Calle Salzillo, 04-BIS  ",CCLL2018/8004,IFCT38,Sistemas y telemática,CENTRO DE FORMACION MUNICIPAL MOSTOLES   DESARROLLO
Actividades fisicas y deportivas,SÍ,28938,18/8005,Desempleados,MOSTOLES,SOCORRISMO EN INSTALACIONES ACUÁTICAS,23187,916853090,290,Servicios,SOCORRISMO EN INSTALACIONES ACUÁTICAS,rramos@empesa.es,Presencial,"Calle Pintor Velazquez, 68  ",CCLL2018/8005,AFDP0109,Prevención y recuperación,CENTRO DE EMPLEO  Y PROMOCION ECONOMICA TIERNO GALVÁN
Sanidad,SÍ,28938,18/8006,Desempleados,MOSTOLES,TRANSPORTE SANITARIO,23187,916853090,400,Servicios,TRANSPORTE SANITARIO,rramos@empesa.es,Presencial,"Calle Pintor Velazquez, 68  ",CCLL2018/8006,SANT0208,Atención sanitaria,CENTRO DE EMPLEO  Y PROMOCION ECONOMICA TIERNO GALVÁN
Servicios socioculturales y a la comunidad,SÍ,28938,18/8007,Desempleados,MOSTOLES,DINAMIZACIÓN DE ACTIVIDADES DE TIEMPO LIBRE EDUCATIVO INFANTIL Y JUVENIL,23187,916853090,150,Servicios,DINAMIZACIÓN DE ACTIVIDADES DE TIEMPO LIBRE EDUCATIVO INFANTIL Y JUVENIL,rramos@empesa.es,Presencial,"Calle Pintor Velazquez, 68  ",CCLL2018/8007,SSCB0209,Actividades culturales y recreativas,CENTRO DE EMPLEO  Y PROMOCION ECONOMICA TIERNO GALVÁN
Servicios socioculturales y a la comunidad,NO,28938,18/8008,Desempleados,MOSTOLES,INGLÉS A1,23187,916853090,150,Servicios,INGLÉS A1,rramos@empesa.es,Presencial,"Calle Pintor Velazquez, 68  ",CCLL2018/8008,SSCE01,Formación y educación,CENTRO DE EMPLEO  Y PROMOCION ECONOMICA TIERNO GALVÁN
Servicios socioculturales y a la comunidad,NO,28938,18/8009,Desempleados,MOSTOLES,INGLÉS A1,23187,916853090,150,Servicios,INGLÉS A1,rramos@empesa.es,Presencial,"Calle Pintor Velazquez, 68  ",CCLL2018/8009,SSCE01,Formación y educación,CENTRO DE EMPLEO  Y PROMOCION ECONOMICA TIERNO GALVÁN
Servicios socioculturales y a la comunidad,NO,28938,18/8010,Desempleados,MOSTOLES,INGLÉS A2,23187,916853090,150,Servicios,INGLÉS A2,rramos@empesa.es,Presencial,"Calle Pintor Velazquez, 68  ",CCLL2018/8010,SSCE02,Formación y educación,CENTRO DE EMPLEO  Y PROMOCION ECONOMICA TIERNO GALVÁN
Servicios socioculturales y a la comunidad,NO,28938,18/8011,Desempleados,MOSTOLES,INGLÉS A2,23187,916853090,150,Servicios,INGLÉS A2,rramos@empesa.es,Presencial,"Calle Pintor Velazquez, 68  ",CCLL2018/8011,SSCE02,Formación y educación,CENTRO DE EMPLEO  Y PROMOCION ECONOMICA TIERNO GALVÁN
Servicios socioculturales y a la comunidad,NO,28938,18/8012,Desempleados,MOSTOLES,INGLÉS B1,23187,916853090,240,Servicios,INGLÉS B1,rramos@empesa.es,Presencial,"Calle Pintor Velazquez, 68  ",CCLL2018/8012,SSCE03,Formación y educación,CENTRO DE EMPLEO  Y PROMOCION ECONOMICA TIERNO GALVÁN
Servicios socioculturales y a la comunidad,NO,28938,18/8013,Desempleados,MOSTOLES,INGLÉS B2,23187,916853090,240,Servicios,INGLÉS B2,rramos@empesa.es,Presencial,"Calle Pintor Velazquez, 68  ",CCLL2018/8013,SSCE04,Formación y educación,CENTRO DE EMPLEO  Y PROMOCION ECONOMICA TIERNO GALVÁN
Informática  y comunicaciones,NO,28932,18/8014,Desempleados,MOSTOLES,PROGRAMACIÓN ORIENTADA A OBJETOS CON JAVA,1564,916853090,80,Servicios,PROGRAMACIÓN ORIENTADA A OBJETOS CON JAVA,btomas@mostolesdesarrollo.es,Presencial,"Calle Salzillo, 04-BIS  ",CCLL2018/8014,IFCD09,Desarrollo,CENTRO DE FORMACION MUNICIPAL MOSTOLES   DESARROLLO
Informática  y comunicaciones,NO,28932,18/8015,Desempleados,MOSTOLES,DESARROLLO DE APPS PARA IOS CON OBJETIVE C Y SWIFT,1564,916853090,200,Servicios,DESARROLLO DE APPS PARA IOS CON OBJETIVE C Y SWIFT,btomas@mostolesdesarrollo.es,Presencial,"Calle Salzillo, 04-BIS  ",CCLL2018/8015,IFCD27,Desarrollo,CENTRO DE FORMACION MUNICIPAL MOSTOLES   DESARROLLO
Informática  y comunicaciones,NO,28932,18/8016,Desempleados,MOSTOLES,DESARROLLO DE VIDEOJUEGOS Y REALIDAD VIRTUAL CON UNITY 3D,1564,916853090,300,Servicios,DESARROLLO DE VIDEOJUEGOS Y REALIDAD VIRTUAL CON UNITY 3D,btomas@mostolesdesarrollo.es,Presencial,"Calle Salzillo, 04-BIS  ",CCLL2018/8016,IFCD28,Desarrollo,CENTRO DE FORMACION MUNICIPAL MOSTOLES   DESARROLLO
Informática  y comunicaciones,NO,28932,18/8017,Desempleados,MOSTOLES,"COMMUNITY MANAGER, HERRAMIENTAS, ANALÁTICA E INFORMES",1564,916853090,100,Servicios,"COMMUNITY MANAGER, HERRAMIENTAS, ANALÁTICA E INFORMES",btomas@mostolesdesarrollo.es,Presencial,"Calle Salzillo, 04-BIS  ",CCLL2018/8017,IFCT38,Sistemas y telemática,CENTRO DE FORMACION MUNICIPAL MOSTOLES   DESARROLLO
Informática  y comunicaciones,NO,28932,18/8018,Desempleados,MOSTOLES,"COMMUNITY MANAGER, HERRAMIENTAS, ANALÁTICA E INFORMES",1564,916853090,100,Servicios,"COMMUNITY MANAGER, HERRAMIENTAS, ANALÁTICA E INFORMES",btomas@mostolesdesarrollo.es,Presencial,"Calle Salzillo, 04-BIS  ",CCLL2018/8018,IFCT38,Sistemas y telemática,CENTRO DE FORMACION MUNICIPAL MOSTOLES   DESARROLLO
Informática  y comunicaciones,NO,28932,18/8019,Desempleados,MOSTOLES,POSICIONAMIENTO WEB Y MARKETING DIGITAL EN BUSCADORES,1564,916853090,100,Servicios,POSICIONAMIENTO WEB Y MARKETING DIGITAL EN BUSCADORES,btomas@mostolesdesarrollo.es,Presencial,"Calle Salzillo, 04-BIS  ",CCLL2018/8019,IFCT39,Sistemas y telemática,CENTRO DE FORMACION MUNICIPAL MOSTOLES   DESARROLLO
Informática  y comunicaciones,NO,28932,18/8020,Desempleados,MOSTOLES,COMPETENCIAS DIGITALES BÁSICAS,1564,916853090,60,Servicios,COMPETENCIAS DIGITALES BÁSICAS,btomas@mostolesdesarrollo.es,Presencial,"Calle Salzillo, 04-BIS  ",CCLL2018/8020,IFCT45,Sistemas y telemática,CENTRO DE FORMACION MUNICIPAL MOSTOLES   DESARROLLO
Informática  y comunicaciones,NO,28932,18/8021,Desempleados,MOSTOLES,COMPETENCIAS DIGITALES AVANZADAS,1564,916853090,60,Servicios,COMPETENCIAS DIGITALES AVANZADAS,btomas@mostolesdesarrollo.es,Presencial,"Calle Salzillo, 04-BIS  ",CCLL2018/8021,IFCT46,Sistemas y telemática,CENTRO DE FORMACION MUNICIPAL MOSTOLES   DESARROLLO
Actividades fisicas y deportivas,SÍ,28938,18/8022,Desempleados,MOSTOLES,INSTRUCCIÓN EN YOGA,23187,916853090,430,Servicios,INSTRUCCIÓN EN YOGA,rramos@empesa.es,Presencial,"Calle Pintor Velazquez, 68  ",CCLL2018/8022,AFDA0311,Actividades físico-deportivo recreativas,CENTRO DE EMPLEO  Y PROMOCION ECONOMICA TIERNO GALVÁN
Actividades fisicas y deportivas,SÍ,28938,18/8023,Desempleados,MOSTOLES,SOCORRISMO EN INSTALACIONES ACUÁTICAS,23187,916853090,290,Servicios,SOCORRISMO EN INSTALACIONES ACUÁTICAS,rramos@empesa.es,Presencial,"Calle Pintor Velazquez, 68  ",CCLL2018/8023,AFDP0109,Prevención y recuperación,CENTRO DE EMPLEO  Y PROMOCION ECONOMICA TIERNO GALVÁN
Imagen y sonido,SÍ,28938,18/8024,Desempleados,MOSTOLES,MONTAJE Y POSTPRODUCCIÓN DE AUDIOVISUALES,23187,916853090,430,Servicios,MONTAJE Y POSTPRODUCCIÓN DE AUDIOVISUALES,rramos@empesa.es,Presencial,"Calle Pintor Velazquez, 68  ",CCLL2018/8024,IMSV0109,Producción audiovisual,CENTRO DE EMPLEO  Y PROMOCION ECONOMICA TIERNO GALVÁN
Sanidad,SÍ,28938,18/8025,Desempleados,MOSTOLES,ATENCIÓN SANITARIA A MÚLTIPLES VÍCTIMAS Y CATÁSTROFES,23187,916853090,340,Servicios,ATENCIÓN SANITARIA A MÚLTIPLES VÍCTIMAS Y CATÁSTROFES,rramos@empesa.es,Presencial,"Calle Pintor Velazquez, 68  ",CCLL2018/8025,SANT0108,Atención sanitaria,CENTRO DE EMPLEO  Y PROMOCION ECONOMICA TIERNO GALVÁN
Servicios socioculturales y a la comunidad,SÍ,28938,18/8026,Desempleados,MOSTOLES,DINAMIZACIÓN DE ACTIVIDADES DE TIEMPO LIBRE EDUCATIVO INFANTIL Y JUVENIL,23187,916853090,150,Servicios,DINAMIZACIÓN DE ACTIVIDADES DE TIEMPO LIBRE EDUCATIVO INFANTIL Y JUVENIL,rramos@empesa.es,Presencial,"Calle Pintor Velazquez, 68  ",CCLL2018/8026,SSCB0209,Actividades culturales y recreativas,CENTRO DE EMPLEO  Y PROMOCION ECONOMICA TIERNO GALVÁN
Servicios socioculturales y a la comunidad,NO,28938,18/8027,Desempleados,MOSTOLES,INGLÉS B1,23187,916853090,240,Servicios,INGLÉS B1,rramos@empesa.es,Presencial,"Calle Pintor Velazquez, 68  ",CCLL2018/8027,SSCE03,Formación y educación,CENTRO DE EMPLEO  Y PROMOCION ECONOMICA TIERNO GALVÁN
Servicios socioculturales y a la comunidad,NO,28938,18/8028,Desempleados,MOSTOLES,INGLÉS B2,23187,916853090,240,Servicios,INGLÉS B2,rramos@empesa.es,Presencial,"Calle Pintor Velazquez, 68  ",CCLL2018/8028,SSCE04,Formación y educación,CENTRO DE EMPLEO  Y PROMOCION ECONOMICA TIERNO GALVÁN
Agraria,SÍ,28938,18/8029,Desempleados,MOSTOLES,"ACTIVIDADES AUXILIARES EN VIVEROS, JARDINES Y CENTROS DE JARDINERÍA",28064,,250,Agricultura,"ACTIVIDADES AUXILIARES EN VIVEROS, JARDINES Y CENTROS DE JARDINERÍA",,Presencial,"Calle Moraleja de En medio, s/n  ",CCLL2018/8029,AGAO0108,Ornamentales y jardinería,CENTRO MUNICIPAL DE FORMACION MOSTOLES DESARROLLO 2
Agraria,SÍ,28804,18/8030,Desempleados,ALCALA DE HENARES,"ACTIVIDADES AUXILIARES EN VIVEROS, JARDINES Y CENTROS DE JARDINERÍA",16190,918836531,250,Agricultura,"ACTIVIDADES AUXILIARES EN VIVEROS, JARDINES Y CENTROS DE JARDINERÍA",cdmalcala@telefonica.net,Presencial,"Avenida Virgen del Val, 4  ",CCLL2018/8030,AGAO0108,Ornamentales y jardinería,CIUDAD DEPORT. MUNICIPAL
Hostelería y turismo,SÍ,28804,18/8031,Desempleados,ALCALA DE HENARES,OPERACIONES BÁSICAS DE COCINA,16190,918836531,270,Servicios,OPERACIONES BÁSICAS DE COCINA,cdmalcala@telefonica.net,Presencial,"Avenida Virgen del Val, 4  ",CCLL2018/8031,HOTR0108,Restauración,CIUDAD DEPORT. MUNICIPAL
Hostelería y turismo,SÍ,28804,18/8032,Desempleados,ALCALA DE HENARES,OPERACIONES BÁSICAS DE COCINA,16190,918836531,270,Servicios,OPERACIONES BÁSICAS DE COCINA,cdmalcala@telefonica.net,Presencial,"Avenida Virgen del Val, 4  ",CCLL2018/8032,HOTR0108,Restauración,CIUDAD DEPORT. MUNICIPAL
Hostelería y turismo,SÍ,28804,18/8033,Desempleados,ALCALA DE HENARES,OPERACIONES BÁSICAS DE PASTELERÍA,16190,918836531,330,Servicios,OPERACIONES BÁSICAS DE PASTELERÍA,cdmalcala@telefonica.net,Presencial,"Avenida Virgen del Val, 4  ",CCLL2018/8033,HOTR0109,Restauración,CIUDAD DEPORT. MUNICIPAL
Agraria,SÍ,28804,18/8034,Desempleados,ALCALA DE HENARES,"ACTIVIDADES AUXILIARES EN VIVEROS, JARDINES Y CENTROS DE JARDINERÍA",16190,918836531,250,Agricultura,"ACTIVIDADES AUXILIARES EN VIVEROS, JARDINES Y CENTROS DE JARDINERÍA",cdmalcala@telefonica.net,Presencial,"Avenida Virgen del Val, 4  ",CCLL2018/8034,AGAO0108,Ornamentales y jardinería,CIUDAD DEPORT. MUNICIPAL
Hostelería y turismo,SÍ,28804,18/8035,Desempleados,ALCALA DE HENARES,OPERACIONES BÁSICAS DE COCINA,16190,918836531,270,Servicios,OPERACIONES BÁSICAS DE COCINA,cdmalcala@telefonica.net,Presencial,"Avenida Virgen del Val, 4  ",CCLL2018/8035,HOTR0108,Restauración,CIUDAD DEPORT. MUNICIPAL
Hostelería y turismo,SÍ,28804,18/8036,Desempleados,ALCALA DE HENARES,OPERACIONES BÁSICAS DE COCINA,16190,918836531,270,Servicios,OPERACIONES BÁSICAS DE COCINA,cdmalcala@telefonica.net,Presencial,"Avenida Virgen del Val, 4  ",CCLL2018/8036,HOTR0108,Restauración,CIUDAD DEPORT. MUNICIPAL
Hostelería y turismo,SÍ,28804,18/8037,Desempleados,ALCALA DE HENARES,OPERACIONES BÁSICAS DE PASTELERÍA,16190,918836531,330,Servicios,OPERACIONES BÁSICAS DE PASTELERÍA,cdmalcala@telefonica.net,Presencial,"Avenida Virgen del Val, 4  ",CCLL2018/8037,HOTR0109,Restauración,CIUDAD DEPORT. MUNICIPAL
Servicios socioculturales y a la comunidad,SÍ,28925,18/8038,Desempleados,ALCORCON,ATENCIÓN SOCIOSANITARIA A PERSONAS DEPENDIENTES EN INSTITUCIONES SOCIALES,1532,916648415,370,Servicios,ATENCIÓN SOCIOSANITARIA A PERSONAS DEPENDIENTES EN INSTITUCIONES SOCIALES,imepe@ayto-alcorcon.es,Presencial,"Calle Industrias, 73  ",CCLL2018/8038,SSCS0208,Asistencia social,C.FORMACION Y PROMOC.EMP
Administración y gestión,SÍ,28925,18/8039,Desempleados,ALCORCON,OPERACIONES AUXILIARES DE SERVICIOS ADMINISTRATIVOS Y GENERALES,1532,916648415,390,Servicios,OPERACIONES AUXILIARES DE SERVICIOS ADMINISTRATIVOS Y GENERALES,imepe@ayto-alcorcon.es,Presencial,"Calle Industrias, 73  ",CCLL2018/8039,ADGG0408,Gestión de la información y la comunicación,C.FORMACION Y PROMOC.EMP
Administración y gestión,SÍ,28925,18/8040,Desempleados,ALCORCON,OPERACIONES DE GRABACIÓN Y TRATAMIENTO DE DATOS Y DOCUMENTOS,1532,916648415,360,Servicios,OPERACIONES DE GRABACIÓN Y TRATAMIENTO DE DATOS Y DOCUMENTOS,imepe@ayto-alcorcon.es,Presencial,"Calle Industrias, 73  ",CCLL2018/8040,ADGG0508,Gestión de la información y la comunicación,C.FORMACION Y PROMOC.EMP
Servicios socioculturales y a la comunidad,NO,28925,18/8041,Desempleados,ALCORCON,INGLÉS A1,1532,916648415,150,Servicios,INGLÉS A1,imepe@ayto-alcorcon.es,Presencial,"Calle Industrias, 73  ",CCLL2018/8041,SSCE01,Formación y educación,C.FORMACION Y PROMOC.EMP
Servicios socioculturales y a la comunidad,NO,28925,18/8042,Desempleados,ALCORCON,INGLÉS A2,1532,916648415,150,Servicios,INGLÉS A2,imepe@ayto-alcorcon.es,Presencial,"Calle Industrias, 73  ",CCLL2018/8042,SSCE02,Formación y educación,C.FORMACION Y PROMOC.EMP
Servicios socioculturales y a la comunidad,SÍ,28925,18/8043,Desempleados,ALCORCON,ATENCIÓN SOCIOSANITARIA A PERSONAS DEPENDIENTES EN INSTITUCIONES SOCIALES,1532,916648415,370,Servicios,ATENCIÓN SOCIOSANITARIA A PERSONAS DEPENDIENTES EN INSTITUCIONES SOCIALES,imepe@ayto-alcorcon.es,Presencial,"Calle Industrias, 73  ",CCLL2018/8043,SSCS0208,Asistencia social,C.FORMACION Y PROMOC.EMP
Servicios socioculturales y a la comunidad,SÍ,28925,18/8044,Desempleados,ALCORCON,ATENCIÓN SOCIOSANITARIA A PERSONAS DEPENDIENTES EN INSTITUCIONES SOCIALES,1532,916648415,370,Servicios,ATENCIÓN SOCIOSANITARIA A PERSONAS DEPENDIENTES EN INSTITUCIONES SOCIALES,imepe@ayto-alcorcon.es,Presencial,"Calle Industrias, 73  ",CCLL2018/8044,SSCS0208,Asistencia social,C.FORMACION Y PROMOC.EMP
Informática  y comunicaciones,SÍ,28805,18/8045,Desempleados,ALCALA DE HENARES,CONFECCIÓN Y PUBLICACIÓN DE PÁGINAS WEB,1139,918823806,480,Servicios,CONFECCIÓN Y PUBLICACIÓN DE PÁGINAS WEB,cursosempleo@ayto-alcaladehenares.es,Presencial,"Vía Complutense, 128  ",CCLL2018/8045,IFCD0110,Desarrollo,C.DE FORM. PROFESIONAL
Informática  y comunicaciones,SÍ,28805,18/8046,Desempleados,ALCALA DE HENARES,OPERACIONES AUXILIARES DE MONTAJE Y MANTENIMIENTO DE SISTEMAS MICROINFORMÁTICOS,1139,918823806,290,Servicios,OPERACIONES AUXILIARES DE MONTAJE Y MANTENIMIENTO DE SISTEMAS MICROINFORMÁTICOS,cursosempleo@ayto-alcaladehenares.es,Presencial,"Vía Complutense, 128  ",CCLL2018/8046,IFCT0108,Sistemas y telemática,C.DE FORM. PROFESIONAL
Servicios socioculturales y a la comunidad,SÍ,28805,18/8047,Desempleados,ALCALA DE HENARES,ATENCIÓN SOCIOSANITARIA A PERSONAS DEPENDIENTES EN INSTITUCIONES SOCIALES,1139,918823806,370,Servicios,ATENCIÓN SOCIOSANITARIA A PERSONAS DEPENDIENTES EN INSTITUCIONES SOCIALES,cursosempleo@ayto-alcaladehenares.es,Presencial,"Vía Complutense, 128  ",CCLL2018/8047,SSCS0208,Asistencia social,C.DE FORM. PROFESIONAL
Comercio y marketing,SÍ,28803,18/8048,Desempleados,ALCALA DE HENARES,ACTIVIDADES AUXILIARES DE ALMACÉN,28120,,170,Servicios,ACTIVIDADES AUXILIARES DE ALMACÉN,,Presencial,"Carretera M300 Km25 Cañada de los Barrancos, s/n  ",CCLL2018/8048,COML0110,Logística comercial y gestión del transporte,EPE Alcalá Desarrollo - Fundación Nº 1
Administración y gestión,SÍ,28805,18/8049,Desempleados,ALCALA DE HENARES,ACTIVIDADES ADMINISTRATIVAS EN LA RELACIÓN CON EL CLIENTE,1139,918823806,680,Servicios,ACTIVIDADES ADMINISTRATIVAS EN LA RELACIÓN CON EL CLIENTE,cursosempleo@ayto-alcaladehenares.es,Presencial,"Vía Complutense, 128  ",CCLL2018/8049,ADGG0208,Gestión de la información y la comunicación,C.DE FORM. PROFESIONAL
Comercio y marketing,SÍ,28805,18/8050,Desempleados,ALCALA DE HENARES,ORGANIZACIÓN Y GESTIÓN DE ALMACENES,1139,918823806,310,Servicios,ORGANIZACIÓN Y GESTIÓN DE ALMACENES,cursosempleo@ayto-alcaladehenares.es,Presencial,"Vía Complutense, 128  ",CCLL2018/8050,COML0309,Logística comercial y gestión del transporte,C.DE FORM. PROFESIONAL
Informática  y comunicaciones,SÍ,28805,18/8051,Desempleados,ALCALA DE HENARES,MONTAJE Y REPARACIÓN DE SISTEMAS MICROINFORMÁTICOS,1139,918823806,470,Servicios,MONTAJE Y REPARACIÓN DE SISTEMAS MICROINFORMÁTICOS,cursosempleo@ayto-alcaladehenares.es,Presencial,"Vía Complutense, 128  ",CCLL2018/8051,IFCT0309,Sistemas y telemática,C.DE FORM. PROFESIONAL
Servicios socioculturales y a la comunidad,SÍ,28805,18/8052,Desempleados,ALCALA DE HENARES,ATENCIÓN SOCIOSANITARIA A PERSONAS DEPENDIENTES EN INSTITUCIONES SOCIALES,1139,918823806,370,Servicios,ATENCIÓN SOCIOSANITARIA A PERSONAS DEPENDIENTES EN INSTITUCIONES SOCIALES,cursosempleo@ayto-alcaladehenares.es,Presencial,"Vía Complutense, 128  ",CCLL2018/8052,SSCS0208,Asistencia social,C.DE FORM. PROFESIONAL
Comercio y marketing,SÍ,28803,18/8053,Desempleados,ALCALA DE HENARES,ACTIVIDADES AUXILIARES DE ALMACÉN,28120,,170,Servicios,ACTIVIDADES AUXILIARES DE ALMACÉN,,Presencial,"Carretera M300 Km25 Cañada de los Barrancos, s/n  ",CCLL2018/8053,COML0110,Logística comercial y gestión del transporte,EPE Alcalá Desarrollo - Fundación Nº 1
Informática  y comunicaciones,NO,28607,18/8054,Desempleados,ALAMO (EL),TÉCNICO EN SOFTWARE OFIMÁTICO,27791,918609510,350,Servicios,TÉCNICO EN SOFTWARE OFIMÁTICO,adl@aytoelalamo.es,Presencial,"Avenida Toledo, 36  ",CCLL2018/8054,IFCI17,Informática,CENTRO CIVICO EL ALAMO
Servicios socioculturales y a la comunidad,SÍ,28607,18/8055,Desempleados,ALAMO (EL),DINAMIZACIÓN DE ACTIVIDADES DE TIEMPO LIBRE EDUCATIVO INFANTIL Y JUVENIL,27791,918609510,150,Servicios,DINAMIZACIÓN DE ACTIVIDADES DE TIEMPO LIBRE EDUCATIVO INFANTIL Y JUVENIL,adl@aytoelalamo.es,Presencial,"Avenida Toledo, 36  ",CCLL2018/8055,SSCB0209,Actividades culturales y recreativas,CENTRO CIVICO EL ALAMO
Administración y gestión,NO,28607,18/8056,Desempleados,ALAMO (EL),INGLÉS: GESTIÓN COMERCIAL,27791,918609510,200,Servicios,INGLÉS: GESTIÓN COMERCIAL,adl@aytoelalamo.es,Presencial,"Avenida Toledo, 36  ",CCLL2018/8056,ADGX01,Especialidades sin área definida (administración y oficinas),CENTRO CIVICO EL ALAMO
Informática  y comunicaciones,NO,28607,18/8057,Desempleados,ALAMO (EL),DESARROLLO DE VIDEOJUEGOS Y REALIDAD VIRTUAL CON UNITY 3D,27791,918609510,300,Servicios,DESARROLLO DE VIDEOJUEGOS Y REALIDAD VIRTUAL CON UNITY 3D,adl@aytoelalamo.es,Presencial,"Avenida Toledo, 36  ",CCLL2018/8057,IFCD28,Desarrollo,CENTRO CIVICO EL ALAMO
Informática  y comunicaciones,NO,28607,18/8058,Desempleados,ALAMO (EL),"COMMUNITY MANAGER, HERRAMIENTAS, ANALÁTICA E INFORMES",27791,918609510,100,Servicios,"COMMUNITY MANAGER, HERRAMIENTAS, ANALÁTICA E INFORMES",adl@aytoelalamo.es,Presencial,"Avenida Toledo, 36  ",CCLL2018/8058,IFCT38,Sistemas y telemática,CENTRO CIVICO EL ALAMO
Servicios socioculturales y a la comunidad,SÍ,28607,18/8059,Desempleados,ALAMO (EL),DINAMIZACIÓN DE ACTIVIDADES DE TIEMPO LIBRE EDUCATIVO INFANTIL Y JUVENIL,27791,918609510,150,Servicios,DINAMIZACIÓN DE ACTIVIDADES DE TIEMPO LIBRE EDUCATIVO INFANTIL Y JUVENIL,adl@aytoelalamo.es,Presencial,"Avenida Toledo, 36  ",CCLL2018/8059,SSCB0209,Actividades culturales y recreativas,CENTRO CIVICO EL ALAMO
Administración y gestión,SÍ,28500,18/8060,Desempleados,ARGANDA DEL REY,OPERACIONES AUXILIARES DE SERVICIOS ADMINISTRATIVOS Y GENERALES,26950,918711344,390,Servicios,OPERACIONES AUXILIARES DE SERVICIOS ADMINISTRATIVOS Y GENERALES,desarrollo_local@ayto-arganda.es,Presencial,"Calle Montealegre, 11  ",CCLL2018/8060,ADGG0408,Gestión de la información y la comunicación,CENT.SERV.EMPRESARIALES
Comercio y marketing,SÍ,28500,18/8061,Desempleados,ARGANDA DEL REY,ORGANIZACIÓN DEL TRANSPORTE Y LA DISTRIBUCIÓN,26950,918711344,340,Servicios,ORGANIZACIÓN DEL TRANSPORTE Y LA DISTRIBUCIÓN,desarrollo_local@ayto-arganda.es,Presencial,"Calle Montealegre, 11  ",CCLL2018/8061,COML0209,Logística comercial y gestión del transporte,CENT.SERV.EMPRESARIALES
Comercio y marketing,SÍ,28500,18/8062,Desempleados,ARGANDA DEL REY,ORGANIZACIÓN Y GESTIÓN DE ALMACENES,26950,918711344,310,Servicios,ORGANIZACIÓN Y GESTIÓN DE ALMACENES,desarrollo_local@ayto-arganda.es,Presencial,"Calle Montealegre, 11  ",CCLL2018/8062,COML0309,Logística comercial y gestión del transporte,CENT.SERV.EMPRESARIALES
Informática  y comunicaciones,NO,28500,18/8063,Desempleados,ARGANDA DEL REY,"COMMUNITY MANAGER, HERRAMIENTAS, ANALÁTICA E INFORMES",26950,918711344,100,Servicios,"COMMUNITY MANAGER, HERRAMIENTAS, ANALÁTICA E INFORMES",desarrollo_local@ayto-arganda.es,Presencial,"Calle Montealegre, 11  ",CCLL2018/8063,IFCT38,Sistemas y telemática,CENT.SERV.EMPRESARIALES
Informática  y comunicaciones,NO,28500,18/8064,Desempleados,ARGANDA DEL REY,POSICIONAMIENTO WEB Y MARKETING DIGITAL EN BUSCADORES,26950,918711344,100,Servicios,POSICIONAMIENTO WEB Y MARKETING DIGITAL EN BUSCADORES,desarrollo_local@ayto-arganda.es,Presencial,"Calle Montealegre, 11  ",CCLL2018/8064,IFCT39,Sistemas y telemática,CENT.SERV.EMPRESARIALES
Comercio y marketing,SÍ,28500,18/8065,Desempleados,ARGANDA DEL REY,"ATENCIÓN AL CLIENTE, CONSUMIDOR O USUARIO",27001,918711344,420,Servicios,"ATENCIÓN AL CLIENTE, CONSUMIDOR O USUARIO",desarrollo_local@ayto-arganda.es,Presencial,"Calle Mar de Alborán, 1  ",CCLL2018/8065,COMT0110,Compraventa,CON.M. MONSERRAT CABALLE
Administración y gestión,NO,28500,18/8066,Desempleados,ARGANDA DEL REY,INGLÉS: GESTIÓN COMERCIAL,26950,918711344,200,Servicios,INGLÉS: GESTIÓN COMERCIAL,desarrollo_local@ayto-arganda.es,Presencial,"Calle Montealegre, 11  ",CCLL2018/8066,ADGX01,Especialidades sin área definida (administración y oficinas),CENT.SERV.EMPRESARIALES
Comercio y marketing,SÍ,28500,18/8067,Desempleados,ARGANDA DEL REY,GESTIÓN COMERCIAL DE VENTAS,26950,918711344,530,Servicios,GESTIÓN COMERCIAL DE VENTAS,desarrollo_local@ayto-arganda.es,Presencial,"Calle Montealegre, 11  ",CCLL2018/8067,COMT0411,Compraventa,CENT.SERV.EMPRESARIALES
Servicios socioculturales y a la comunidad,SÍ,28500,18/8068,Desempleados,ARGANDA DEL REY,GESTIÓN DE LLAMADAS DE TELEASISTENCIA,26950,918711344,230,Servicios,GESTIÓN DE LLAMADAS DE TELEASISTENCIA,desarrollo_local@ayto-arganda.es,Presencial,"Calle Montealegre, 11  ",CCLL2018/8068,SSCG0111,Atención social,CENT.SERV.EMPRESARIALES
Informática  y comunicaciones,SÍ,28500,18/8069,Desempleados,ARGANDA DEL REY,CONFECCIÓN Y PUBLICACIÓN DE PÁGINAS WEB,27001,918711344,480,Servicios,CONFECCIÓN Y PUBLICACIÓN DE PÁGINAS WEB,desarrollo_local@ayto-arganda.es,Presencial,"Calle Mar de Alborán, 1  ",CCLL2018/8069,IFCD0110,Desarrollo,CON.M. MONSERRAT CABALLE
Servicios socioculturales y a la comunidad,NO,28500,18/8070,Desempleados,ARGANDA DEL REY,INGLÉS A1,27001,918711344,150,Servicios,INGLÉS A1,desarrollo_local@ayto-arganda.es,Presencial,"Calle Mar de Alborán, 1  ",CCLL2018/8070,SSCE01,Formación y educación,CON.M. MONSERRAT CABALLE
Comercio y marketing,SÍ,28400,18/8071,Desempleados,COLLADO VILLALBA,TRÁFICO DE MERCANCÍAS POR CARRETERA,26817,912795151,440,Servicios,TRÁFICO DE MERCANCÍAS POR CARRETERA,afepe@ayto-colladovillalba.org,Presencial,"Calle Rincón de las Eras, 10  ",CCLL2018/8071,COML0109,Logística comercial y gestión del transporte,CENTRO INICIATIVAS MUNI.
Servicios socioculturales y a la comunidad,SÍ,28400,18/8072,Desempleados,COLLADO VILLALBA,DINAMIZACIÓN DE ACTIVIDADES DE TIEMPO LIBRE EDUCATIVO INFANTIL Y JUVENIL,26817,912795151,150,Servicios,DINAMIZACIÓN DE ACTIVIDADES DE TIEMPO LIBRE EDUCATIVO INFANTIL Y JUVENIL,afepe@ayto-colladovillalba.org,Presencial,"Calle Rincón de las Eras, 10  ",CCLL2018/8072,SSCB0209,Actividades culturales y recreativas,CENTRO INICIATIVAS MUNI.
Servicios socioculturales y a la comunidad,SÍ,28400,18/8073,Desempleados,COLLADO VILLALBA,ATENCIÓN SOCIOSANITARIA A PERSONAS DEPENDIENTES EN INSTITUCIONES SOCIALES,26817,912795151,370,Servicios,ATENCIÓN SOCIOSANITARIA A PERSONAS DEPENDIENTES EN INSTITUCIONES SOCIALES,afepe@ayto-colladovillalba.org,Presencial,"Calle Rincón de las Eras, 10  ",CCLL2018/8073,SSCS0208,Asistencia social,CENTRO INICIATIVAS MUNI.
Administración y gestión,SÍ,28400,18/8074,Desempleados,COLLADO VILLALBA,ACTIVIDADES ADMINISTRATIVAS EN LA RELACIÓN CON EL CLIENTE,26817,912795151,680,Servicios,ACTIVIDADES ADMINISTRATIVAS EN LA RELACIÓN CON EL CLIENTE,afepe@ayto-colladovillalba.org,Presencial,"Calle Rincón de las Eras, 10  ",CCLL2018/8074,ADGG0208,Gestión de la información y la comunicación,CENTRO INICIATIVAS MUNI.
Seguridad y medioambiente,SÍ,28400,18/8075,Desempleados,COLLADO VILLALBA,INTERPRETACIÓN Y EDUCACIÓN AMBIENTAL,26817,912795151,420,Servicios,INTERPRETACIÓN Y EDUCACIÓN AMBIENTAL,afepe@ayto-colladovillalba.org,Presencial,"Calle Rincón de las Eras, 10  ",CCLL2018/8075,SEAG0109,Gestión ambiental,CENTRO INICIATIVAS MUNI.
Servicios socioculturales y a la comunidad,SÍ,28400,18/8076,Desempleados,COLLADO VILLALBA,DINAMIZACIÓN DE ACTIVIDADES DE TIEMPO LIBRE EDUCATIVO INFANTIL Y JUVENIL,26817,912795151,150,Servicios,DINAMIZACIÓN DE ACTIVIDADES DE TIEMPO LIBRE EDUCATIVO INFANTIL Y JUVENIL,afepe@ayto-colladovillalba.org,Presencial,"Calle Rincón de las Eras, 10  ",CCLL2018/8076,SSCB0209,Actividades culturales y recreativas,CENTRO INICIATIVAS MUNI.
Servicios socioculturales y a la comunidad,SÍ,28400,18/8077,Desempleados,COLLADO VILLALBA,GESTIÓN DE LLAMADAS DE TELEASISTENCIA,26817,912795151,230,Servicios,GESTIÓN DE LLAMADAS DE TELEASISTENCIA,afepe@ayto-colladovillalba.org,Presencial,"Calle Rincón de las Eras, 10  ",CCLL2018/8077,SSCG0111,Atención social,CENTRO INICIATIVAS MUNI.
Servicios socioculturales y a la comunidad,SÍ,28400,18/8078,Desempleados,COLLADO VILLALBA,ATENCIÓN SOCIOSANITARIA A PERSONAS DEPENDIENTES EN INSTITUCIONES SOCIALES,26817,912795151,370,Servicios,ATENCIÓN SOCIOSANITARIA A PERSONAS DEPENDIENTES EN INSTITUCIONES SOCIALES,afepe@ayto-colladovillalba.org,Presencial,"Calle Rincón de las Eras, 10  ",CCLL2018/8078,SSCS0208,Asistencia social,CENTRO INICIATIVAS MUNI.
Electricidad y electrónica,SÍ,28440,18/8079,Desempleados,GUADARRAMA,OPERACIONES AUXILIARES DE MONTAJE DE INSTALACIONES ELECTROTÉCNICAS Y DE TELECOMUNICACIONES EN EDIFICIOS,16294,918547465,300,Industria,OPERACIONES AUXILIARES DE MONTAJE DE INSTALACIONES ELECTROTÉCNICAS Y DE TELECOMUNICACIONES EN EDIFICIOS,aedlnt@guadarrama.es,Presencial,"Calle Paraje San Juan, s/n  ",CCLL2018/8079,ELES0208,Instalaciones de telecomunicación,AYUNTAMIENTO DE GUADARRAMA
Hostelería y turismo,SÍ,28440,18/8080,Desempleados,GUADARRAMA,OPERACIONES BÁSICAS DE COCINA,16294,918547465,270,Servicios,OPERACIONES BÁSICAS DE COCINA,aedlnt@guadarrama.es,Presencial,"Calle Paraje San Juan, s/n  ",CCLL2018/8080,HOTR0108,Restauración,AYUNTAMIENTO DE GUADARRAMA
Hostelería y turismo,SÍ,28440,18/8081,Desempleados,GUADARRAMA,OPERACIONES BÁSICAS DE PASTELERÍA,16294,918547465,330,Servicios,OPERACIONES BÁSICAS DE PASTELERÍA,aedlnt@guadarrama.es,Presencial,"Calle Paraje San Juan, s/n  ",CCLL2018/8081,HOTR0109,Restauración,AYUNTAMIENTO DE GUADARRAMA
Administración y gestión,SÍ,28918,18/8082,Desempleados,LEGANES,OPERACIONES AUXILIARES DE SERVICIOS ADMINISTRATIVOS Y GENERALES,1562,912489400,390,Servicios,OPERACIONES AUXILIARES DE SERVICIOS ADMINISTRATIVOS Y GENERALES,1mayo2@leganes.org    690603633   635372095,Presencial,"Calle Quimica, 1  ",CCLL2018/8082,ADGG0408,Gestión de la información y la comunicación,AYTO.LEGANES-C.F.1ºMAYO
Administración y gestión,SÍ,28918,18/8083,Desempleados,LEGANES,OPERACIONES DE GRABACIÓN Y TRATAMIENTO DE DATOS Y DOCUMENTOS,1562,912489400,360,Servicios,OPERACIONES DE GRABACIÓN Y TRATAMIENTO DE DATOS Y DOCUMENTOS,1mayo2@leganes.org    690603633   635372095,Presencial,"Calle Quimica, 1  ",CCLL2018/8083,ADGG0508,Gestión de la información y la comunicación,AYTO.LEGANES-C.F.1ºMAYO
Agraria,SÍ,28918,18/8084,Desempleados,LEGANES,"ACTIVIDADES AUXILIARES EN VIVEROS, JARDINES Y CENTROS DE JARDINERÍA",1562,912489400,250,Agricultura,"ACTIVIDADES AUXILIARES EN VIVEROS, JARDINES Y CENTROS DE JARDINERÍA",1mayo2@leganes.org    690603633   635372095,Presencial,"Calle Quimica, 1  ",CCLL2018/8084,AGAO0108,Ornamentales y jardinería,AYTO.LEGANES-C.F.1ºMAYO
Administración y gestión,SÍ,28918,18/8085,Desempleados,LEGANES,OPERACIONES AUXILIARES DE SERVICIOS ADMINISTRATIVOS Y GENERALES,21817,912489395,390,Servicios,OPERACIONES AUXILIARES DE SERVICIOS ADMINISTRATIVOS Y GENERALES,1mayo2@leganes.org,Presencial,"Avenida del Museo, 4  ",CCLL2018/8085,ADGG0408,Gestión de la información y la comunicación,MUNICIPAL LAS DEHESILLAS
Administración y gestión,SÍ,28918,18/8086,Desempleados,LEGANES,ACTIVIDADES ADMINISTRATIVAS EN LA RELACIÓN CON EL CLIENTE,1562,912489400,680,Servicios,ACTIVIDADES ADMINISTRATIVAS EN LA RELACIÓN CON EL CLIENTE,1mayo2@leganes.org    690603633   635372095,Presencial,"Calle Quimica, 1  ",CCLL2018/8086,ADGG0208,Gestión de la información y la comunicación,AYTO.LEGANES-C.F.1ºMAYO
Agraria,SÍ,28918,18/8087,Desempleados,LEGANES,INSTALACIÓN Y MANTENIMIENTO DE JARDINES Y ZONAS VERDES,1562,912489400,390,Agricultura,INSTALACIÓN Y MANTENIMIENTO DE JARDINES Y ZONAS VERDES,1mayo2@leganes.org    690603633   635372095,Presencial,"Calle Quimica, 1  ",CCLL2018/8087,AGAO0208,Ornamentales y jardinería,AYTO.LEGANES-C.F.1ºMAYO
Informática  y comunicaciones,SÍ,28918,18/8088,Desempleados,LEGANES,CONFECCIÓN Y PUBLICACIÓN DE PÁGINAS WEB,1562,912489400,480,Servicios,CONFECCIÓN Y PUBLICACIÓN DE PÁGINAS WEB,1mayo2@leganes.org    690603633   635372095,Presencial,"Calle Quimica, 1  ",CCLL2018/8088,IFCD0110,Desarrollo,AYTO.LEGANES-C.F.1ºMAYO
Informática  y comunicaciones,SÍ,28918,18/8089,Desempleados,LEGANES,SISTEMAS MICROINFORMÁTICOS,1562,912489400,560,Servicios,SISTEMAS MICROINFORMÁTICOS,1mayo2@leganes.org    690603633   635372095,Presencial,"Calle Quimica, 1  ",CCLL2018/8089,IFCT0209,Sistemas y telemática,AYTO.LEGANES-C.F.1ºMAYO
Servicios socioculturales y a la comunidad,SÍ,28918,18/8090,Desempleados,LEGANES,DINAMIZACIÓN DE ACTIVIDADES DE TIEMPO LIBRE EDUCATIVO INFANTIL Y JUVENIL,1562,912489400,150,Servicios,DINAMIZACIÓN DE ACTIVIDADES DE TIEMPO LIBRE EDUCATIVO INFANTIL Y JUVENIL,1mayo2@leganes.org    690603633   635372095,Presencial,"Calle Quimica, 1  ",CCLL2018/8090,SSCB0209,Actividades culturales y recreativas,AYTO.LEGANES-C.F.1ºMAYO
Servicios socioculturales y a la comunidad,SÍ,28918,18/8091,Desempleados,LEGANES,ATENCIÓN SOCIOSANITARIA A PERSONAS DEPENDIENTES EN INSTITUCIONES SOCIALES,1562,912489400,370,Servicios,ATENCIÓN SOCIOSANITARIA A PERSONAS DEPENDIENTES EN INSTITUCIONES SOCIALES,1mayo2@leganes.org    690603633   635372095,Presencial,"Calle Quimica, 1  ",CCLL2018/8091,SSCS0208,Asistencia social,AYTO.LEGANES-C.F.1ºMAYO
Administración y gestión,SÍ,28982,18/8092,Desempleados,PARLA,ACTIVIDADES ADMINISTRATIVAS EN LA RELACIÓN CON EL CLIENTE,1561,916050153,680,Servicios,ACTIVIDADES ADMINISTRATIVAS EN LA RELACIÓN CON EL CLIENTE,formacionempleo@ayuntamientoparla.es,Presencial,"Calle Pinto, 76  ",CCLL2018/8092,ADGG0208,Gestión de la información y la comunicación,FORMACION MUNPAL PARLA
Administración y gestión,SÍ,28982,18/8093,Desempleados,PARLA,OPERACIONES DE GRABACIÓN Y TRATAMIENTO DE DATOS Y DOCUMENTOS,1561,916050153,360,Servicios,OPERACIONES DE GRABACIÓN Y TRATAMIENTO DE DATOS Y DOCUMENTOS,formacionempleo@ayuntamientoparla.es,Presencial,"Calle Pinto, 76  ",CCLL2018/8093,ADGG0508,Gestión de la información y la comunicación,FORMACION MUNPAL PARLA
Informática  y comunicaciones,NO,28982,18/8094,Desempleados,PARLA,EXCEL AVANZADO,1561,916050153,100,Servicios,EXCEL AVANZADO,formacionempleo@ayuntamientoparla.es,Presencial,"Calle Pinto, 76  ",CCLL2018/8094,IFCT36,Sistemas y telemática,FORMACION MUNPAL PARLA
Sanidad,SÍ,28982,18/8095,Desempleados,PARLA,TRANSPORTE SANITARIO,27328,916991799,400,Servicios,TRANSPORTE SANITARIO,alcaldia@ayuntamientoparla.es,Presencial,"Calle Pintor Rosales, s/n  ",CCLL2018/8095,SANT0208,Atención sanitaria,"CENTRO DE FORMACION MUNICIPAL ""PIO XII"""
Servicios socioculturales y a la comunidad,SÍ,28982,18/8096,Desempleados,PARLA,DINAMIZACIÓN DE ACTIVIDADES DE TIEMPO LIBRE EDUCATIVO INFANTIL Y JUVENIL,27328,916991799,150,Servicios,DINAMIZACIÓN DE ACTIVIDADES DE TIEMPO LIBRE EDUCATIVO INFANTIL Y JUVENIL,alcaldia@ayuntamientoparla.es,Presencial,"Calle Pintor Rosales, s/n  ",CCLL2018/8096,SSCB0209,Actividades culturales y recreativas,"CENTRO DE FORMACION MUNICIPAL ""PIO XII"""
Servicios socioculturales y a la comunidad,NO,28982,18/8097,Desempleados,PARLA,INGLÉS A1,27328,916991799,150,Servicios,INGLÉS A1,alcaldia@ayuntamientoparla.es,Presencial,"Calle Pintor Rosales, s/n  ",CCLL2018/8097,SSCE01,Formación y educación,"CENTRO DE FORMACION MUNICIPAL ""PIO XII"""
Servicios socioculturales y a la comunidad,NO,28982,18/8098,Desempleados,PARLA,INGLÉS A2,27328,916991799,150,Servicios,INGLÉS A2,alcaldia@ayuntamientoparla.es,Presencial,"Calle Pintor Rosales, s/n  ",CCLL2018/8098,SSCE02,Formación y educación,"CENTRO DE FORMACION MUNICIPAL ""PIO XII"""
Servicios socioculturales y a la comunidad,NO,28982,18/8099,Desempleados,PARLA,INGLÉS B1,27328,916991799,240,Servicios,INGLÉS B1,alcaldia@ayuntamientoparla.es,Presencial,"Calle Pintor Rosales, s/n  ",CCLL2018/8099,SSCE03,Formación y educación,"CENTRO DE FORMACION MUNICIPAL ""PIO XII"""
